order,function_provider,function_region,function_memory,function_memory_unit,storage_region,storage_provider,transfer_type,file_path,file_size_mb,transfer_time_ns
10,gcp,europe-west1,256,MB,europe-west1,gcp,download,/function/fits.tbl,0.029537,194186340.5
10,gcp,europe-west1,256,MB,europe-west1,gcp,download,/function/mBgModel,0.078616,601306863.0
10,gcp,europe-west1,256,MB,europe-west1,gcp,download,/function/pimages.tbl,0.00511,197366052.0
10,gcp,europe-west1,256,MB,europe-west1,gcp,upload,/function/corrections.tbl,0.001706,428708568.5
11,gcp,europe-west1,256,MB,europe-west1,gcp,download,/function/pimages.tbl,0.00511,500529037.0
11,gcp,europe-west1,256,MB,europe-west1,gcp,upload,/function/modpimages.tbl,0.00575,200179615.5
14,gcp,europe-west1,256,MB,europe-west1,gcp,download,/function/cimages.tbl,0.00511,77373501.0
14,gcp,europe-west1,256,MB,europe-west1,gcp,download,/function/corrected/p2mass-atlas-001020s-k0860033_corrected.fits,4.14432,149894819.0
14,gcp,europe-west1,256,MB,europe-west1,gcp,download,/function/corrected/p2mass-atlas-001020s-k0860044_corrected.fits,4.14432,156753417.0
14,gcp,europe-west1,256,MB,europe-west1,gcp,download,/function/corrected/p2mass-atlas-001020s-k0860056_corrected.fits,4.14432,171082064.0
14,gcp,europe-west1,256,MB,europe-west1,gcp,download,/function/corrected/p2mass-atlas-001020s-k0870221_corrected.fits,4.13568,200276620.0
14,gcp,europe-west1,256,MB,europe-west1,gcp,download,/function/corrected/p2mass-atlas-001020s-k0870233_corrected.fits,4.13568,189918853.0
14,gcp,europe-west1,256,MB,europe-west1,gcp,download,/function/corrected/p2mass-atlas-001020s-k0870245_corrected.fits,4.13568,188644640.0
14,gcp,europe-west1,256,MB,europe-west1,gcp,download,/function/corrected/p2mass-atlas-001021s-k0490221_corrected.fits,4.13568,170450464.0
14,gcp,europe-west1,256,MB,europe-west1,gcp,download,/function/corrected/p2mass-atlas-001021s-k0490233_corrected.fits,4.13568,160354720.0
14,gcp,europe-west1,256,MB,europe-west1,gcp,download,/function/corrected/p2mass-atlas-001021s-k0490245_corrected.fits,4.14432,188409927.0
14,gcp,europe-west1,256,MB,europe-west1,gcp,download,/function/corrected/p2mass-atlas-001021s-k0560033_corrected.fits,4.15296,139037824.0
14,gcp,europe-west1,256,MB,europe-west1,gcp,download,/function/corrected/p2mass-atlas-001021s-k0560044_corrected.fits,4.14432,165040161.0
14,gcp,europe-west1,256,MB,europe-west1,gcp,download,/function/corrected/p2mass-atlas-001021s-k0560056_corrected.fits,4.13568,188187550.0
14,gcp,europe-west1,256,MB,europe-west1,gcp,download,/function/corrected/p2mass-atlas-001021s-k0570221_corrected.fits,4.14432,135865239.0
14,gcp,europe-west1,256,MB,europe-west1,gcp,download,/function/corrected/p2mass-atlas-001021s-k0570233_corrected.fits,4.13568,203510008.0
14,gcp,europe-west1,256,MB,europe-west1,gcp,download,/function/corrected/p2mass-atlas-001021s-k0570245_corrected.fits,4.14432,188031140.0
14,gcp,europe-west1,256,MB,europe-west1,gcp,download,/function/corrected/p2mass-atlas-980914s-k0800033_corrected.fits,4.14432,146905926.0
14,gcp,europe-west1,256,MB,europe-west1,gcp,download,/function/corrected/p2mass-atlas-980914s-k0800044_corrected.fits,4.14432,222847274.0
14,gcp,europe-west1,256,MB,europe-west1,gcp,download,/function/corrected/p2mass-atlas-980914s-k0800056_corrected.fits,4.14432,193414500.0
14,gcp,europe-west1,256,MB,europe-west1,gcp,download,/function/corrected/p2mass-atlas-980914s-k0810221_corrected.fits,4.14432,167194949.0
14,gcp,europe-west1,256,MB,europe-west1,gcp,download,/function/corrected/p2mass-atlas-980914s-k0810233_corrected.fits,4.14432,192107421.0
14,gcp,europe-west1,256,MB,europe-west1,gcp,download,/function/corrected/p2mass-atlas-980914s-k0810245_corrected.fits,4.14432,202384177.0
14,gcp,europe-west1,256,MB,europe-west1,gcp,download,/function/corrected/p2mass-atlas-980914s-k0820033_corrected.fits,4.14432,159833361.0
14,gcp,europe-west1,256,MB,europe-west1,gcp,download,/function/corrected/p2mass-atlas-980914s-k0820044_corrected.fits,4.14432,227024358.0
14,gcp,europe-west1,256,MB,europe-west1,gcp,download,/function/corrected/p2mass-atlas-980914s-k0820056_corrected.fits,4.13568,157163437.0
14,gcp,europe-west1,256,MB,europe-west1,gcp,download,/function/corrected/p2mass-atlas-980914s-k0830221_corrected.fits,4.14432,182100604.0
14,gcp,europe-west1,256,MB,europe-west1,gcp,download,/function/corrected/p2mass-atlas-980914s-k0830233_corrected.fits,4.14432,199191650.0
14,gcp,europe-west1,256,MB,europe-west1,gcp,download,/function/corrected/p2mass-atlas-980914s-k0830245_corrected.fits,4.14432,157959496.0
14,gcp,europe-west1,256,MB,europe-west1,gcp,download,/function/corrected/p2mass-atlas-980914s-k0840033_corrected.fits,4.14432,141603420.0
14,gcp,europe-west1,256,MB,europe-west1,gcp,download,/function/corrected/p2mass-atlas-980914s-k0840044_corrected.fits,4.14432,1101127251.0
14,gcp,europe-west1,256,MB,europe-west1,gcp,download,/function/corrected/p2mass-atlas-980914s-k0840056_corrected.fits,4.14432,142398361.0
14,gcp,europe-west1,256,MB,europe-west1,gcp,download,/function/mImgtbl,5.496352,136913405.0
14,gcp,europe-west1,256,MB,europe-west1,gcp,upload,/function/cimages.tbl,0.015252,100906755.0
17,gcp,europe-west1,256,MB,europe-west1,gcp,download,/function/mViewer,6.537816,1280329643.0
17,gcp,europe-west1,256,MB,europe-west1,gcp,download,/function/mosaic_shrinked.fits,25.42176,2494836479.0
17,gcp,europe-west1,256,MB,europe-west1,gcp,upload,/function/final.png,2.387093,2263925615.0
2,gcp,europe-west1,256,MB,europe-west1,gcp,download,/function/input/2mass-atlas-001020s-k0860033.fits,1.430932,348319058.0
2,gcp,europe-west1,256,MB,europe-west1,gcp,download,/function/input/2mass-atlas-001020s-k0860044.fits,1.431122,201353900.5
2,gcp,europe-west1,256,MB,europe-west1,gcp,download,/function/input/2mass-atlas-001020s-k0860056.fits,1.431548,706416001.0
2,gcp,europe-west1,256,MB,europe-west1,gcp,download,/function/input/2mass-atlas-001020s-k0870221.fits,1.415237,204949325.5
2,gcp,europe-west1,256,MB,europe-west1,gcp,download,/function/input/2mass-atlas-001020s-k0870233.fits,1.417782,225216107.5
2,gcp,europe-west1,256,MB,europe-west1,gcp,download,/function/input/2mass-atlas-001020s-k0870245.fits,1.428497,951631334.5
2,gcp,europe-west1,256,MB,europe-west1,gcp,download,/function/input/2mass-atlas-001021s-k0490221.fits,1.474539,292448893.5
2,gcp,europe-west1,256,MB,europe-west1,gcp,download,/function/input/2mass-atlas-001021s-k0490233.fits,1.473388,108252417.0
2,gcp,europe-west1,256,MB,europe-west1,gcp,download,/function/input/2mass-atlas-001021s-k0490245.fits,1.475153,1107734994.0
2,gcp,europe-west1,256,MB,europe-west1,gcp,download,/function/input/2mass-atlas-001021s-k0560033.fits,1.475337,271598115.5
2,gcp,europe-west1,256,MB,europe-west1,gcp,download,/function/input/2mass-atlas-001021s-k0560044.fits,1.475774,113663384.0
2,gcp,europe-west1,256,MB,europe-west1,gcp,download,/function/input/2mass-atlas-001021s-k0560056.fits,1.477972,181750194.0
2,gcp,europe-west1,256,MB,europe-west1,gcp,download,/function/input/2mass-atlas-001021s-k0570221.fits,1.474794,102670944.5
2,gcp,europe-west1,256,MB,europe-west1,gcp,download,/function/input/2mass-atlas-001021s-k0570233.fits,1.472843,166822727.0
2,gcp,europe-west1,256,MB,europe-west1,gcp,download,/function/input/2mass-atlas-001021s-k0570245.fits,1.474299,231243448.0
2,gcp,europe-west1,256,MB,europe-west1,gcp,download,/function/input/2mass-atlas-980914s-k0800033.fits,1.466856,167111679.0
2,gcp,europe-west1,256,MB,europe-west1,gcp,download,/function/input/2mass-atlas-980914s-k0800044.fits,1.46705,603294211.5
2,gcp,europe-west1,256,MB,europe-west1,gcp,download,/function/input/2mass-atlas-980914s-k0800056.fits,1.467462,295846939.5
2,gcp,europe-west1,256,MB,europe-west1,gcp,download,/function/input/2mass-atlas-980914s-k0810221.fits,1.467205,300371782.5
2,gcp,europe-west1,256,MB,europe-west1,gcp,download,/function/input/2mass-atlas-980914s-k0810233.fits,1.468091,296239742.5
2,gcp,europe-west1,256,MB,europe-west1,gcp,download,/function/input/2mass-atlas-980914s-k0810245.fits,1.468524,298729238.0
2,gcp,europe-west1,256,MB,europe-west1,gcp,download,/function/input/2mass-atlas-980914s-k0820033.fits,1.468069,550804465.0
2,gcp,europe-west1,256,MB,europe-west1,gcp,download,/function/input/2mass-atlas-980914s-k0820044.fits,1.465354,358000445.0
2,gcp,europe-west1,256,MB,europe-west1,gcp,download,/function/input/2mass-atlas-980914s-k0820056.fits,1.467195,347923194.5
2,gcp,europe-west1,256,MB,europe-west1,gcp,download,/function/input/2mass-atlas-980914s-k0830221.fits,1.471563,398282138.0
2,gcp,europe-west1,256,MB,europe-west1,gcp,download,/function/input/2mass-atlas-980914s-k0830233.fits,1.468954,236389422.5
2,gcp,europe-west1,256,MB,europe-west1,gcp,download,/function/input/2mass-atlas-980914s-k0830245.fits,1.46679,494135232.5
2,gcp,europe-west1,256,MB,europe-west1,gcp,download,/function/input/2mass-atlas-980914s-k0840033.fits,1.467584,909693108.5
2,gcp,europe-west1,256,MB,europe-west1,gcp,download,/function/input/2mass-atlas-980914s-k0840044.fits,1.466204,244680416.5
2,gcp,europe-west1,256,MB,europe-west1,gcp,download,/function/input/2mass-atlas-980914s-k0840056.fits,1.46731,165078503.0
2,gcp,europe-west1,256,MB,europe-west1,gcp,download,/function/mProjectPP,5.457288,897716362.5
2,gcp,europe-west1,256,MB,europe-west1,gcp,download,/function/region.hdr,0.000277,122324645.0
2,gcp,europe-west1,256,MB,europe-west1,gcp,upload,/function/p2mass-atlas-001020s-k0860033.fits,4.14432,7040134407.0
2,gcp,europe-west1,256,MB,europe-west1,gcp,upload,/function/p2mass-atlas-001020s-k0860033_area.fits,4.14432,963922076.5
2,gcp,europe-west1,256,MB,europe-west1,gcp,upload,/function/p2mass-atlas-001020s-k0860044.fits,4.14432,6671998198.5
2,gcp,europe-west1,256,MB,europe-west1,gcp,upload,/function/p2mass-atlas-001020s-k0860044_area.fits,4.14432,893455955.0
2,gcp,europe-west1,256,MB,europe-west1,gcp,upload,/function/p2mass-atlas-001020s-k0860056.fits,4.14432,6542129628.0
2,gcp,europe-west1,256,MB,europe-west1,gcp,upload,/function/p2mass-atlas-001020s-k0860056_area.fits,4.14432,454130123.5
2,gcp,europe-west1,256,MB,europe-west1,gcp,upload,/function/p2mass-atlas-001020s-k0870221.fits,4.13568,5989050391.5
2,gcp,europe-west1,256,MB,europe-west1,gcp,upload,/function/p2mass-atlas-001020s-k0870221_area.fits,4.13568,1130540764.0
2,gcp,europe-west1,256,MB,europe-west1,gcp,upload,/function/p2mass-atlas-001020s-k0870233.fits,4.13568,3542386702.0
2,gcp,europe-west1,256,MB,europe-west1,gcp,upload,/function/p2mass-atlas-001020s-k0870233_area.fits,4.13568,818340834.5
2,gcp,europe-west1,256,MB,europe-west1,gcp,upload,/function/p2mass-atlas-001020s-k0870245.fits,4.13568,6990221080.5
2,gcp,europe-west1,256,MB,europe-west1,gcp,upload,/function/p2mass-atlas-001020s-k0870245_area.fits,4.13568,1260380276.0
2,gcp,europe-west1,256,MB,europe-west1,gcp,upload,/function/p2mass-atlas-001021s-k0490221.fits,4.13568,3097508286.5
2,gcp,europe-west1,256,MB,europe-west1,gcp,upload,/function/p2mass-atlas-001021s-k0490221_area.fits,4.13568,567753625.0
2,gcp,europe-west1,256,MB,europe-west1,gcp,upload,/function/p2mass-atlas-001021s-k0490233.fits,4.13568,1505372909.0
2,gcp,europe-west1,256,MB,europe-west1,gcp,upload,/function/p2mass-atlas-001021s-k0490233_area.fits,4.13568,372206983.5
2,gcp,europe-west1,256,MB,europe-west1,gcp,upload,/function/p2mass-atlas-001021s-k0490245.fits,4.14432,1241641684.5
2,gcp,europe-west1,256,MB,europe-west1,gcp,upload,/function/p2mass-atlas-001021s-k0490245_area.fits,4.14432,398668527.0
2,gcp,europe-west1,256,MB,europe-west1,gcp,upload,/function/p2mass-atlas-001021s-k0560033.fits,4.15296,5405319439.5
2,gcp,europe-west1,256,MB,europe-west1,gcp,upload,/function/p2mass-atlas-001021s-k0560033_area.fits,4.15296,1175285526.0
2,gcp,europe-west1,256,MB,europe-west1,gcp,upload,/function/p2mass-atlas-001021s-k0560044.fits,4.14432,946321680.5
2,gcp,europe-west1,256,MB,europe-west1,gcp,upload,/function/p2mass-atlas-001021s-k0560044_area.fits,4.14432,236015748.0
2,gcp,europe-west1,256,MB,europe-west1,gcp,upload,/function/p2mass-atlas-001021s-k0560056.fits,4.13568,1030016558.0
2,gcp,europe-west1,256,MB,europe-west1,gcp,upload,/function/p2mass-atlas-001021s-k0560056_area.fits,4.13568,240006419.0
2,gcp,europe-west1,256,MB,europe-west1,gcp,upload,/function/p2mass-atlas-001021s-k0570221.fits,4.14432,989483791.0
2,gcp,europe-west1,256,MB,europe-west1,gcp,upload,/function/p2mass-atlas-001021s-k0570221_area.fits,4.14432,240145922.0
2,gcp,europe-west1,256,MB,europe-west1,gcp,upload,/function/p2mass-atlas-001021s-k0570233.fits,4.13568,3594077351.5
2,gcp,europe-west1,256,MB,europe-west1,gcp,upload,/function/p2mass-atlas-001021s-k0570233_area.fits,4.13568,662070259.0
2,gcp,europe-west1,256,MB,europe-west1,gcp,upload,/function/p2mass-atlas-001021s-k0570245.fits,4.14432,6253126645.5
2,gcp,europe-west1,256,MB,europe-west1,gcp,upload,/function/p2mass-atlas-001021s-k0570245_area.fits,4.14432,1441867897.0
2,gcp,europe-west1,256,MB,europe-west1,gcp,upload,/function/p2mass-atlas-980914s-k0800033.fits,4.14432,5506973105.5
2,gcp,europe-west1,256,MB,europe-west1,gcp,upload,/function/p2mass-atlas-980914s-k0800033_area.fits,4.14432,532612596.0
2,gcp,europe-west1,256,MB,europe-west1,gcp,upload,/function/p2mass-atlas-980914s-k0800044.fits,4.14432,5544241805.0
2,gcp,europe-west1,256,MB,europe-west1,gcp,upload,/function/p2mass-atlas-980914s-k0800044_area.fits,4.14432,801331876.0
2,gcp,europe-west1,256,MB,europe-west1,gcp,upload,/function/p2mass-atlas-980914s-k0800056.fits,4.14432,5603546914.5
2,gcp,europe-west1,256,MB,europe-west1,gcp,upload,/function/p2mass-atlas-980914s-k0800056_area.fits,4.14432,777541728.0
2,gcp,europe-west1,256,MB,europe-west1,gcp,upload,/function/p2mass-atlas-980914s-k0810221.fits,4.14432,6103058662.5
2,gcp,europe-west1,256,MB,europe-west1,gcp,upload,/function/p2mass-atlas-980914s-k0810221_area.fits,4.14432,625308003.5
2,gcp,europe-west1,256,MB,europe-west1,gcp,upload,/function/p2mass-atlas-980914s-k0810233.fits,4.14432,5423315670.0
2,gcp,europe-west1,256,MB,europe-west1,gcp,upload,/function/p2mass-atlas-980914s-k0810233_area.fits,4.14432,773692317.0
2,gcp,europe-west1,256,MB,europe-west1,gcp,upload,/function/p2mass-atlas-980914s-k0810245.fits,4.14432,7110379981.5
2,gcp,europe-west1,256,MB,europe-west1,gcp,upload,/function/p2mass-atlas-980914s-k0810245_area.fits,4.14432,1148646001.0
2,gcp,europe-west1,256,MB,europe-west1,gcp,upload,/function/p2mass-atlas-980914s-k0820033.fits,4.14432,7379356346.5
2,gcp,europe-west1,256,MB,europe-west1,gcp,upload,/function/p2mass-atlas-980914s-k0820033_area.fits,4.14432,581041933.0
2,gcp,europe-west1,256,MB,europe-west1,gcp,upload,/function/p2mass-atlas-980914s-k0820044.fits,4.14432,6136822035.0
2,gcp,europe-west1,256,MB,europe-west1,gcp,upload,/function/p2mass-atlas-980914s-k0820044_area.fits,4.14432,911627357.0
2,gcp,europe-west1,256,MB,europe-west1,gcp,upload,/function/p2mass-atlas-980914s-k0820056.fits,4.13568,7048208306.0
2,gcp,europe-west1,256,MB,europe-west1,gcp,upload,/function/p2mass-atlas-980914s-k0820056_area.fits,4.13568,522820342.5
2,gcp,europe-west1,256,MB,europe-west1,gcp,upload,/function/p2mass-atlas-980914s-k0830221.fits,4.14432,5797913445.5
2,gcp,europe-west1,256,MB,europe-west1,gcp,upload,/function/p2mass-atlas-980914s-k0830221_area.fits,4.14432,599172973.0
2,gcp,europe-west1,256,MB,europe-west1,gcp,upload,/function/p2mass-atlas-980914s-k0830233.fits,4.14432,5742879414.5
2,gcp,europe-west1,256,MB,europe-west1,gcp,upload,/function/p2mass-atlas-980914s-k0830233_area.fits,4.14432,800205242.5
2,gcp,europe-west1,256,MB,europe-west1,gcp,upload,/function/p2mass-atlas-980914s-k0830245.fits,4.14432,5877756557.0
2,gcp,europe-west1,256,MB,europe-west1,gcp,upload,/function/p2mass-atlas-980914s-k0830245_area.fits,4.14432,798735026.5
2,gcp,europe-west1,256,MB,europe-west1,gcp,upload,/function/p2mass-atlas-980914s-k0840033.fits,4.14432,5747946143.0
2,gcp,europe-west1,256,MB,europe-west1,gcp,upload,/function/p2mass-atlas-980914s-k0840033_area.fits,4.14432,991589164.5
2,gcp,europe-west1,256,MB,europe-west1,gcp,upload,/function/p2mass-atlas-980914s-k0840044.fits,4.14432,4580617893.5
2,gcp,europe-west1,256,MB,europe-west1,gcp,upload,/function/p2mass-atlas-980914s-k0840044_area.fits,4.14432,663712062.0
2,gcp,europe-west1,256,MB,europe-west1,gcp,upload,/function/p2mass-atlas-980914s-k0840056.fits,4.14432,1137836031.5
2,gcp,europe-west1,256,MB,europe-west1,gcp,upload,/function/p2mass-atlas-980914s-k0840056_area.fits,4.14432,299944053.0
4,gcp,europe-west1,256,MB,europe-west1,gcp,download,/function/images.tbl,0.01394,430666035.5
4,gcp,europe-west1,256,MB,europe-west1,gcp,download,/function/mDAGTbls,5.47904,1202877058.0
4,gcp,europe-west1,256,MB,europe-west1,gcp,download,/function/region.hdr,0.000277,174029008.5
4,gcp,europe-west1,256,MB,europe-west1,gcp,upload,/function/cimages.tbl,0.00511,108984610.5
4,gcp,europe-west1,256,MB,europe-west1,gcp,upload,/function/pimages.tbl,0.00511,100194168.0
4,gcp,europe-west1,256,MB,europe-west1,gcp,upload,/function/rimages.tbl,0.00508,651496976.0
5,gcp,europe-west1,256,MB,europe-west1,gcp,download,/function/mOverlaps,0.504048,497991829.5
5,gcp,europe-west1,256,MB,europe-west1,gcp,download,/function/pimages.tbl,0.00511,560761607.0
5,gcp,europe-west1,256,MB,europe-west1,gcp,upload,/function/diffs.tbl,0.016167,305903247.0
6,gcp,europe-west1,256,MB,europe-west1,gcp,download,/function/diffs.tbl,0.016167,651442336.0
7,gcp,europe-west1,256,MB,europe-west1,gcp,download,/function/mDiff,5.373008,600571273.0
7,gcp,europe-west1,256,MB,europe-west1,gcp,download,/function/mFitplane,5.372232,594888736.0
7,gcp,europe-west1,256,MB,europe-west1,gcp,download,/function/p2mass-atlas-001020s-k0860033.fits,4.14432,454678193.0
7,gcp,europe-west1,256,MB,europe-west1,gcp,download,/function/p2mass-atlas-001020s-k0860033_area.fits,4.14432,423719088.0
7,gcp,europe-west1,256,MB,europe-west1,gcp,download,/function/p2mass-atlas-001020s-k0860044.fits,4.14432,499181434.0
7,gcp,europe-west1,256,MB,europe-west1,gcp,download,/function/p2mass-atlas-001020s-k0860044_area.fits,4.14432,709812478.0
7,gcp,europe-west1,256,MB,europe-west1,gcp,download,/function/p2mass-atlas-001020s-k0860056.fits,4.14432,513211223.0
7,gcp,europe-west1,256,MB,europe-west1,gcp,download,/function/p2mass-atlas-001020s-k0860056_area.fits,4.14432,495067898.0
7,gcp,europe-west1,256,MB,europe-west1,gcp,download,/function/p2mass-atlas-001020s-k0870221.fits,4.13568,498600476.0
7,gcp,europe-west1,256,MB,europe-west1,gcp,download,/function/p2mass-atlas-001020s-k0870221_area.fits,4.13568,461528324.0
7,gcp,europe-west1,256,MB,europe-west1,gcp,download,/function/p2mass-atlas-001020s-k0870233.fits,4.13568,689375080.5
7,gcp,europe-west1,256,MB,europe-west1,gcp,download,/function/p2mass-atlas-001020s-k0870233_area.fits,4.13568,455678509.5
7,gcp,europe-west1,256,MB,europe-west1,gcp,download,/function/p2mass-atlas-001020s-k0870245.fits,4.13568,493854553.0
7,gcp,europe-west1,256,MB,europe-west1,gcp,download,/function/p2mass-atlas-001020s-k0870245_area.fits,4.13568,454297021.0
7,gcp,europe-west1,256,MB,europe-west1,gcp,download,/function/p2mass-atlas-001021s-k0490221.fits,4.13568,496969889.0
7,gcp,europe-west1,256,MB,europe-west1,gcp,download,/function/p2mass-atlas-001021s-k0490221_area.fits,4.13568,458326273.0
7,gcp,europe-west1,256,MB,europe-west1,gcp,download,/function/p2mass-atlas-001021s-k0490233.fits,4.13568,496804627.0
7,gcp,europe-west1,256,MB,europe-west1,gcp,download,/function/p2mass-atlas-001021s-k0490233_area.fits,4.13568,693669746.0
7,gcp,europe-west1,256,MB,europe-west1,gcp,download,/function/p2mass-atlas-001021s-k0490245.fits,4.14432,412387860.0
7,gcp,europe-west1,256,MB,europe-west1,gcp,download,/function/p2mass-atlas-001021s-k0490245_area.fits,4.14432,703307876.0
7,gcp,europe-west1,256,MB,europe-west1,gcp,download,/function/p2mass-atlas-001021s-k0560033.fits,4.15296,648892627.0
7,gcp,europe-west1,256,MB,europe-west1,gcp,download,/function/p2mass-atlas-001021s-k0560033_area.fits,4.15296,495120759.0
7,gcp,europe-west1,256,MB,europe-west1,gcp,download,/function/p2mass-atlas-001021s-k0560044.fits,4.14432,457170560.0
7,gcp,europe-west1,256,MB,europe-west1,gcp,download,/function/p2mass-atlas-001021s-k0560044_area.fits,4.14432,500899479.0
7,gcp,europe-west1,256,MB,europe-west1,gcp,download,/function/p2mass-atlas-001021s-k0560056.fits,4.13568,791036687.5
7,gcp,europe-west1,256,MB,europe-west1,gcp,download,/function/p2mass-atlas-001021s-k0560056_area.fits,4.13568,500646935.5
7,gcp,europe-west1,256,MB,europe-west1,gcp,download,/function/p2mass-atlas-001021s-k0570221.fits,4.14432,671504450.0
7,gcp,europe-west1,256,MB,europe-west1,gcp,download,/function/p2mass-atlas-001021s-k0570221_area.fits,4.14432,499170435.0
7,gcp,europe-west1,256,MB,europe-west1,gcp,download,/function/p2mass-atlas-001021s-k0570233.fits,4.13568,501634502.0
7,gcp,europe-west1,256,MB,europe-west1,gcp,download,/function/p2mass-atlas-001021s-k0570233_area.fits,4.13568,496334814.0
7,gcp,europe-west1,256,MB,europe-west1,gcp,download,/function/p2mass-atlas-001021s-k0570245.fits,4.14432,759475726.0
7,gcp,europe-west1,256,MB,europe-west1,gcp,download,/function/p2mass-atlas-001021s-k0570245_area.fits,4.14432,497935327.0
7,gcp,europe-west1,256,MB,europe-west1,gcp,download,/function/p2mass-atlas-980914s-k0800033.fits,4.14432,496833369.0
7,gcp,europe-west1,256,MB,europe-west1,gcp,download,/function/p2mass-atlas-980914s-k0800033_area.fits,4.14432,454965165.0
7,gcp,europe-west1,256,MB,europe-west1,gcp,download,/function/p2mass-atlas-980914s-k0800044.fits,4.14432,498891556.0
7,gcp,europe-west1,256,MB,europe-west1,gcp,download,/function/p2mass-atlas-980914s-k0800044_area.fits,4.14432,706917302.0
7,gcp,europe-west1,256,MB,europe-west1,gcp,download,/function/p2mass-atlas-980914s-k0800056.fits,4.14432,501791078.0
7,gcp,europe-west1,256,MB,europe-west1,gcp,download,/function/p2mass-atlas-980914s-k0800056_area.fits,4.14432,497800628.0
7,gcp,europe-west1,256,MB,europe-west1,gcp,download,/function/p2mass-atlas-980914s-k0810221.fits,4.14432,494318855.0
7,gcp,europe-west1,256,MB,europe-west1,gcp,download,/function/p2mass-atlas-980914s-k0810221_area.fits,4.14432,600467615.0
7,gcp,europe-west1,256,MB,europe-west1,gcp,download,/function/p2mass-atlas-980914s-k0810233.fits,4.14432,495379188.5
7,gcp,europe-west1,256,MB,europe-west1,gcp,download,/function/p2mass-atlas-980914s-k0810233_area.fits,4.14432,600820672.5
7,gcp,europe-west1,256,MB,europe-west1,gcp,download,/function/p2mass-atlas-980914s-k0810245.fits,4.14432,496094531.0
7,gcp,europe-west1,256,MB,europe-west1,gcp,download,/function/p2mass-atlas-980914s-k0810245_area.fits,4.14432,714228680.0
7,gcp,europe-west1,256,MB,europe-west1,gcp,download,/function/p2mass-atlas-980914s-k0820033.fits,4.14432,411559510.0
7,gcp,europe-west1,256,MB,europe-west1,gcp,download,/function/p2mass-atlas-980914s-k0820033_area.fits,4.14432,496685715.0
7,gcp,europe-west1,256,MB,europe-west1,gcp,download,/function/p2mass-atlas-980914s-k0820044.fits,4.14432,496625513.0
7,gcp,europe-west1,256,MB,europe-west1,gcp,download,/function/p2mass-atlas-980914s-k0820044_area.fits,4.14432,495768226.0
7,gcp,europe-west1,256,MB,europe-west1,gcp,download,/function/p2mass-atlas-980914s-k0820056.fits,4.13568,458080209.0
7,gcp,europe-west1,256,MB,europe-west1,gcp,download,/function/p2mass-atlas-980914s-k0820056_area.fits,4.13568,498709718.0
7,gcp,europe-west1,256,MB,europe-west1,gcp,download,/function/p2mass-atlas-980914s-k0830221.fits,4.14432,495858198.0
7,gcp,europe-west1,256,MB,europe-west1,gcp,download,/function/p2mass-atlas-980914s-k0830221_area.fits,4.14432,505610665.0
7,gcp,europe-west1,256,MB,europe-west1,gcp,download,/function/p2mass-atlas-980914s-k0830233.fits,4.14432,701465012.5
7,gcp,europe-west1,256,MB,europe-west1,gcp,download,/function/p2mass-atlas-980914s-k0830233_area.fits,4.14432,459532053.0
7,gcp,europe-west1,256,MB,europe-west1,gcp,download,/function/p2mass-atlas-980914s-k0830245.fits,4.14432,498641645.5
7,gcp,europe-west1,256,MB,europe-west1,gcp,download,/function/p2mass-atlas-980914s-k0830245_area.fits,4.14432,452524228.0
7,gcp,europe-west1,256,MB,europe-west1,gcp,download,/function/p2mass-atlas-980914s-k0840033.fits,4.14432,906206643.0
7,gcp,europe-west1,256,MB,europe-west1,gcp,download,/function/p2mass-atlas-980914s-k0840033_area.fits,4.14432,495562397.0
7,gcp,europe-west1,256,MB,europe-west1,gcp,download,/function/p2mass-atlas-980914s-k0840044.fits,4.14432,579708499.0
7,gcp,europe-west1,256,MB,europe-west1,gcp,download,/function/p2mass-atlas-980914s-k0840044_area.fits,4.14432,497659277.0
7,gcp,europe-west1,256,MB,europe-west1,gcp,download,/function/p2mass-atlas-980914s-k0840056.fits,4.14432,494004134.0
7,gcp,europe-west1,256,MB,europe-west1,gcp,download,/function/p2mass-atlas-980914s-k0840056_area.fits,4.14432,691749438.0
7,gcp,europe-west1,256,MB,europe-west1,gcp,download,/function/region.hdr,0.000277,55263901.0
7,gcp,europe-west1,256,MB,europe-west1,gcp,upload,/function/diff.000001.000007.fits,1.02528,898339313.0
7,gcp,europe-west1,256,MB,europe-west1,gcp,upload,/function/diff.000001.000007_area.fits,1.02528,129999139.0
7,gcp,europe-west1,256,MB,europe-west1,gcp,upload,/function/diff.000001.000011.fits,3.31776,3013285662.0
7,gcp,europe-west1,256,MB,europe-west1,gcp,upload,/function/diff.000001.000011_area.fits,3.31776,552260199.0
7,gcp,europe-west1,256,MB,europe-west1,gcp,upload,/function/diff.000001.000012.fits,0.22176,286964556.0
7,gcp,europe-west1,256,MB,europe-west1,gcp,upload,/function/diff.000001.000012_area.fits,0.22176,147082280.0
7,gcp,europe-west1,256,MB,europe-west1,gcp,upload,/function/diff.000001.000020.fits,0.14112,183302453.0
7,gcp,europe-west1,256,MB,europe-west1,gcp,upload,/function/diff.000001.000020_area.fits,0.14112,67142857.0
7,gcp,europe-west1,256,MB,europe-west1,gcp,upload,/function/diff.000001.000025.fits,0.03744,152673968.0
7,gcp,europe-west1,256,MB,europe-west1,gcp,upload,/function/diff.000001.000025_area.fits,0.03744,76091563.0
7,gcp,europe-west1,256,MB,europe-west1,gcp,upload,/function/diff.000001.000026.fits,0.59328,555101217.0
7,gcp,europe-west1,256,MB,europe-west1,gcp,upload,/function/diff.000001.000026_area.fits,0.59328,86924835.0
7,gcp,europe-west1,256,MB,europe-west1,gcp,upload,/function/diff.000001.000028.fits,0.4464,285577279.0
7,gcp,europe-west1,256,MB,europe-west1,gcp,upload,/function/diff.000001.000028_area.fits,0.4464,157774610.0
7,gcp,europe-west1,256,MB,europe-west1,gcp,upload,/function/diff.000002.000006.fits,0.4464,127783611.0
7,gcp,europe-west1,256,MB,europe-west1,gcp,upload,/function/diff.000002.000006_area.fits,0.4464,90055275.0
7,gcp,europe-west1,256,MB,europe-west1,gcp,upload,/function/diff.000002.000009.fits,3.33792,3266387699.0
7,gcp,europe-west1,256,MB,europe-west1,gcp,upload,/function/diff.000002.000009_area.fits,3.33792,266994806.0
7,gcp,europe-west1,256,MB,europe-west1,gcp,upload,/function/diff.000002.000015.fits,0.22464,292165995.0
7,gcp,europe-west1,256,MB,europe-west1,gcp,upload,/function/diff.000002.000015_area.fits,0.22464,145183880.0
7,gcp,europe-west1,256,MB,europe-west1,gcp,upload,/function/diff.000002.000016.fits,0.14112,80446887.0
7,gcp,europe-west1,256,MB,europe-west1,gcp,upload,/function/diff.000002.000016_area.fits,0.14112,76613898.0
7,gcp,europe-west1,256,MB,europe-west1,gcp,upload,/function/diff.000002.000019.fits,0.12672,146214889.0
7,gcp,europe-west1,256,MB,europe-west1,gcp,upload,/function/diff.000002.000019_area.fits,0.12672,60863202.0
7,gcp,europe-west1,256,MB,europe-west1,gcp,upload,/function/diff.000002.000020.fits,0.14688,148948104.0
7,gcp,europe-west1,256,MB,europe-west1,gcp,upload,/function/diff.000002.000020_area.fits,0.14688,70296943.0
7,gcp,europe-west1,256,MB,europe-west1,gcp,upload,/function/diff.000002.000023.fits,0.40032,444873598.0
7,gcp,europe-west1,256,MB,europe-west1,gcp,upload,/function/diff.000002.000023_area.fits,0.40032,76901997.0
7,gcp,europe-west1,256,MB,europe-west1,gcp,upload,/function/diff.000002.000025.fits,0.03168,59128058.0
7,gcp,europe-west1,256,MB,europe-west1,gcp,upload,/function/diff.000002.000025_area.fits,0.03168,63770090.0
7,gcp,europe-west1,256,MB,europe-west1,gcp,upload,/function/diff.000002.000026.fits,0.52704,301144154.0
7,gcp,europe-west1,256,MB,europe-west1,gcp,upload,/function/diff.000002.000026_area.fits,0.52704,88619522.0
7,gcp,europe-west1,256,MB,europe-west1,gcp,upload,/function/diff.000002.000027.fits,1.01952,964618399.0
7,gcp,europe-west1,256,MB,europe-west1,gcp,upload,/function/diff.000002.000027_area.fits,1.01952,118667540.0
7,gcp,europe-west1,256,MB,europe-west1,gcp,upload,/function/diff.000002.000028.fits,0.46656,196534229.0
7,gcp,europe-west1,256,MB,europe-west1,gcp,upload,/function/diff.000002.000028_area.fits,0.46656,154211909.0
7,gcp,europe-west1,256,MB,europe-west1,gcp,upload,/function/diff.000003.000005.fits,4.06368,4099939343.0
7,gcp,europe-west1,256,MB,europe-west1,gcp,upload,/function/diff.000003.000005_area.fits,4.06368,771206846.0
7,gcp,europe-west1,256,MB,europe-west1,gcp,upload,/function/diff.000003.000006.fits,0.42912,325875341.0
7,gcp,europe-west1,256,MB,europe-west1,gcp,upload,/function/diff.000003.000006_area.fits,0.42912,151639787.0
7,gcp,europe-west1,256,MB,europe-west1,gcp,upload,/function/diff.000003.000016.fits,0.13248,157422974.0
7,gcp,europe-west1,256,MB,europe-west1,gcp,upload,/function/diff.000003.000016_area.fits,0.13248,88242890.0
7,gcp,europe-west1,256,MB,europe-west1,gcp,upload,/function/diff.000003.000019.fits,0.14688,159513487.0
7,gcp,europe-west1,256,MB,europe-west1,gcp,upload,/function/diff.000003.000019_area.fits,0.14688,82247329.0
7,gcp,europe-west1,256,MB,europe-west1,gcp,upload,/function/diff.000003.000023.fits,0.46656,395504439.0
7,gcp,europe-west1,256,MB,europe-west1,gcp,upload,/function/diff.000003.000023_area.fits,0.46656,73333215.0
7,gcp,europe-west1,256,MB,europe-west1,gcp,upload,/function/diff.000003.000024.fits,0.22464,343969878.0
7,gcp,europe-west1,256,MB,europe-west1,gcp,upload,/function/diff.000003.000024_area.fits,0.22464,62312872.0
7,gcp,europe-west1,256,MB,europe-west1,gcp,upload,/function/diff.000003.000029.fits,0.20736,247387115.0
7,gcp,europe-west1,256,MB,europe-west1,gcp,upload,/function/diff.000003.000029_area.fits,0.20736,66316367.0
7,gcp,europe-west1,256,MB,europe-west1,gcp,upload,/function/diff.000004.000008.fits,0.576,582150223.0
7,gcp,europe-west1,256,MB,europe-west1,gcp,upload,/function/diff.000004.000008_area.fits,0.576,121004849.0
7,gcp,europe-west1,256,MB,europe-west1,gcp,upload,/function/diff.000004.000010.fits,0.55296,486290421.0
7,gcp,europe-west1,256,MB,europe-west1,gcp,upload,/function/diff.000004.000010_area.fits,0.55296,158898758.0
7,gcp,europe-west1,256,MB,europe-west1,gcp,upload,/function/diff.000004.000014.fits,0.42912,391807911.0
7,gcp,europe-west1,256,MB,europe-west1,gcp,upload,/function/diff.000004.000014_area.fits,0.42912,182447444.0
7,gcp,europe-west1,256,MB,europe-west1,gcp,upload,/function/diff.000004.000015.fits,1.01952,860224894.0
7,gcp,europe-west1,256,MB,europe-west1,gcp,upload,/function/diff.000004.000015_area.fits,1.01952,182027298.0
7,gcp,europe-west1,256,MB,europe-west1,gcp,upload,/function/diff.000004.000016.fits,0.03168,80763352.0
7,gcp,europe-west1,256,MB,europe-west1,gcp,upload,/function/diff.000004.000016_area.fits,0.03168,57321473.0
7,gcp,europe-west1,256,MB,europe-west1,gcp,upload,/function/diff.000004.000017.fits,3.33216,3198127919.0
7,gcp,europe-west1,256,MB,europe-west1,gcp,upload,/function/diff.000004.000017_area.fits,3.33216,394152794.0
7,gcp,europe-west1,256,MB,europe-west1,gcp,upload,/function/diff.000004.000019.fits,0.0288,99045907.0
7,gcp,europe-west1,256,MB,europe-west1,gcp,upload,/function/diff.000004.000019_area.fits,0.0288,55131091.0
7,gcp,europe-west1,256,MB,europe-west1,gcp,upload,/function/diff.000004.000020.fits,0.03456,95061373.0
7,gcp,europe-west1,256,MB,europe-west1,gcp,upload,/function/diff.000004.000020_area.fits,0.03456,54321923.0
7,gcp,europe-west1,256,MB,europe-west1,gcp,upload,/function/diff.000004.000021.fits,0.49248,474912534.0
7,gcp,europe-west1,256,MB,europe-west1,gcp,upload,/function/diff.000004.000021_area.fits,0.49248,109954701.0
7,gcp,europe-west1,256,MB,europe-west1,gcp,upload,/function/diff.000004.000025.fits,0.13248,105831150.0
7,gcp,europe-west1,256,MB,europe-west1,gcp,upload,/function/diff.000004.000025_area.fits,0.13248,117263293.0
7,gcp,europe-west1,256,MB,europe-west1,gcp,upload,/function/diff.000004.000027.fits,0.22176,371097361.0
7,gcp,europe-west1,256,MB,europe-west1,gcp,upload,/function/diff.000004.000027_area.fits,0.22176,102608069.0
7,gcp,europe-west1,256,MB,europe-west1,gcp,upload,/function/diff.000005.000006.fits,0.47232,324077906.0
7,gcp,europe-west1,256,MB,europe-west1,gcp,upload,/function/diff.000005.000006_area.fits,0.47232,148081624.0
7,gcp,europe-west1,256,MB,europe-west1,gcp,upload,/function/diff.000005.000016.fits,0.14976,104028252.0
7,gcp,europe-west1,256,MB,europe-west1,gcp,upload,/function/diff.000005.000016_area.fits,0.14976,70894600.0
7,gcp,europe-west1,256,MB,europe-west1,gcp,upload,/function/diff.000005.000019.fits,0.16128,249985154.0
7,gcp,europe-west1,256,MB,europe-west1,gcp,upload,/function/diff.000005.000019_area.fits,0.16128,99370621.0
7,gcp,europe-west1,256,MB,europe-west1,gcp,upload,/function/diff.000005.000023.fits,0.50976,494817150.0
7,gcp,europe-west1,256,MB,europe-west1,gcp,upload,/function/diff.000005.000023_area.fits,0.50976,62614535.0
7,gcp,europe-west1,256,MB,europe-west1,gcp,upload,/function/diff.000005.000024.fits,0.23616,282702250.0
7,gcp,europe-west1,256,MB,europe-west1,gcp,upload,/function/diff.000005.000024_area.fits,0.23616,85066461.0
7,gcp,europe-west1,256,MB,europe-west1,gcp,upload,/function/diff.000005.000029.fits,0.22176,242780647.0
7,gcp,europe-west1,256,MB,europe-west1,gcp,upload,/function/diff.000005.000029_area.fits,0.22176,67989901.0
7,gcp,europe-west1,256,MB,europe-west1,gcp,upload,/function/diff.000006.000009.fits,0.54432,558932530.0
7,gcp,europe-west1,256,MB,europe-west1,gcp,upload,/function/diff.000006.000009_area.fits,0.54432,106855105.0
7,gcp,europe-west1,256,MB,europe-west1,gcp,upload,/function/diff.000006.000016.fits,0.22176,290092963.0
7,gcp,europe-west1,256,MB,europe-west1,gcp,upload,/function/diff.000006.000016_area.fits,0.22176,139601531.0
7,gcp,europe-west1,256,MB,europe-west1,gcp,upload,/function/diff.000006.000019.fits,0.22752,253734208.0
7,gcp,europe-west1,256,MB,europe-west1,gcp,upload,/function/diff.000006.000019_area.fits,0.22752,140451663.0
7,gcp,europe-west1,256,MB,europe-west1,gcp,upload,/function/diff.000006.000023.fits,4.06656,4037337971.0
7,gcp,europe-west1,256,MB,europe-west1,gcp,upload,/function/diff.000006.000023_area.fits,4.06656,426751593.0
7,gcp,europe-west1,256,MB,europe-west1,gcp,upload,/function/diff.000006.000027.fits,0.03168,149791842.0
7,gcp,europe-west1,256,MB,europe-west1,gcp,upload,/function/diff.000006.000027_area.fits,0.03168,65560870.0
7,gcp,europe-west1,256,MB,europe-west1,gcp,upload,/function/diff.000007.000008.fits,0.03168,144111171.0
7,gcp,europe-west1,256,MB,europe-west1,gcp,upload,/function/diff.000007.000008_area.fits,0.03168,56831182.0
7,gcp,europe-west1,256,MB,europe-west1,gcp,upload,/function/diff.000007.000011.fits,0.22464,414310543.0
7,gcp,europe-west1,256,MB,europe-west1,gcp,upload,/function/diff.000007.000011_area.fits,0.22464,144362132.0
7,gcp,europe-west1,256,MB,europe-west1,gcp,upload,/function/diff.000007.000012.fits,3.31776,3202239662.0
7,gcp,europe-west1,256,MB,europe-west1,gcp,upload,/function/diff.000007.000012_area.fits,3.31776,476973129.0
7,gcp,europe-west1,256,MB,europe-west1,gcp,upload,/function/diff.000007.000013.fits,0.22464,340998655.0
7,gcp,europe-west1,256,MB,europe-west1,gcp,upload,/function/diff.000007.000013_area.fits,0.22464,63936909.0
7,gcp,europe-west1,256,MB,europe-west1,gcp,upload,/function/diff.000007.000020.fits,0.53568,539947045.0
7,gcp,europe-west1,256,MB,europe-west1,gcp,upload,/function/diff.000007.000020_area.fits,0.53568,67200440.0
7,gcp,europe-west1,256,MB,europe-west1,gcp,upload,/function/diff.000007.000025.fits,0.46656,438996612.0
7,gcp,europe-west1,256,MB,europe-west1,gcp,upload,/function/diff.000007.000025_area.fits,0.46656,105757105.0
7,gcp,europe-west1,256,MB,europe-west1,gcp,upload,/function/diff.000007.000026.fits,0.144,145518496.0
7,gcp,europe-west1,256,MB,europe-west1,gcp,upload,/function/diff.000007.000026_area.fits,0.144,59844193.0
7,gcp,europe-west1,256,MB,europe-west1,gcp,upload,/function/diff.000007.000028.fits,0.03168,53662047.0
7,gcp,europe-west1,256,MB,europe-west1,gcp,upload,/function/diff.000007.000028_area.fits,0.03168,68910540.0
7,gcp,europe-west1,256,MB,europe-west1,gcp,upload,/function/diff.000008.000012.fits,0.14112,149619089.0
7,gcp,europe-west1,256,MB,europe-west1,gcp,upload,/function/diff.000008.000012_area.fits,0.14112,67497071.0
7,gcp,europe-west1,256,MB,europe-west1,gcp,upload,/function/diff.000008.000013.fits,0.53568,480313811.0
7,gcp,europe-west1,256,MB,europe-west1,gcp,upload,/function/diff.000008.000013_area.fits,0.53568,76577191.0
7,gcp,europe-west1,256,MB,europe-west1,gcp,upload,/function/diff.000008.000014.fits,3.30624,3699176945.0
7,gcp,europe-west1,256,MB,europe-west1,gcp,upload,/function/diff.000008.000014_area.fits,3.30624,398205576.0
7,gcp,europe-west1,256,MB,europe-west1,gcp,upload,/function/diff.000008.000015.fits,0.144,97534126.0
7,gcp,europe-west1,256,MB,europe-west1,gcp,upload,/function/diff.000008.000015_area.fits,0.144,68813912.0
7,gcp,europe-west1,256,MB,europe-west1,gcp,upload,/function/diff.000008.000017.fits,0.4608,333035234.0
7,gcp,europe-west1,256,MB,europe-west1,gcp,upload,/function/diff.000008.000017_area.fits,0.4608,63374496.0
7,gcp,europe-west1,256,MB,europe-west1,gcp,upload,/function/diff.000008.000020.fits,0.22176,295052084.0
7,gcp,europe-west1,256,MB,europe-west1,gcp,upload,/function/diff.000008.000020_area.fits,0.22176,98758040.0
7,gcp,europe-west1,256,MB,europe-west1,gcp,upload,/function/diff.000008.000022.fits,0.4464,295004053.0
7,gcp,europe-west1,256,MB,europe-west1,gcp,upload,/function/diff.000008.000022_area.fits,0.4464,141619351.0
7,gcp,europe-west1,256,MB,europe-west1,gcp,upload,/function/diff.000008.000025.fits,1.00512,1090098800.0
7,gcp,europe-west1,256,MB,europe-west1,gcp,upload,/function/diff.000008.000025_area.fits,1.00512,113407072.0
7,gcp,europe-west1,256,MB,europe-west1,gcp,upload,/function/diff.000008.000027.fits,0.03456,65278162.0
7,gcp,europe-west1,256,MB,europe-west1,gcp,upload,/function/diff.000008.000027_area.fits,0.03456,77738221.0
7,gcp,europe-west1,256,MB,europe-west1,gcp,upload,/function/diff.000009.000016.fits,0.03456,70000934.0
7,gcp,europe-west1,256,MB,europe-west1,gcp,upload,/function/diff.000009.000016_area.fits,0.03456,58388651.0
7,gcp,europe-west1,256,MB,europe-west1,gcp,upload,/function/diff.000009.000019.fits,0.03168,89537938.0
7,gcp,europe-west1,256,MB,europe-west1,gcp,upload,/function/diff.000009.000019_area.fits,0.03168,68993172.0
7,gcp,europe-west1,256,MB,europe-west1,gcp,upload,/function/diff.000009.000020.fits,0.03456,68345921.0
7,gcp,europe-west1,256,MB,europe-west1,gcp,upload,/function/diff.000009.000020_area.fits,0.03456,61848411.0
7,gcp,europe-west1,256,MB,europe-west1,gcp,upload,/function/diff.000009.000023.fits,0.48672,389425739.0
7,gcp,europe-west1,256,MB,europe-west1,gcp,upload,/function/diff.000009.000023_area.fits,0.48672,99623987.0
7,gcp,europe-west1,256,MB,europe-west1,gcp,upload,/function/diff.000009.000026.fits,0.43488,279183951.0
7,gcp,europe-west1,256,MB,europe-west1,gcp,upload,/function/diff.000009.000026_area.fits,0.43488,114515089.0
7,gcp,europe-west1,256,MB,europe-west1,gcp,upload,/function/diff.000009.000027.fits,0.22176,291486973.0
7,gcp,europe-west1,256,MB,europe-west1,gcp,upload,/function/diff.000009.000027_area.fits,0.22176,99314384.0
7,gcp,europe-west1,256,MB,europe-west1,gcp,upload,/function/diff.000009.000028.fits,0.58464,532302560.0
7,gcp,europe-west1,256,MB,europe-west1,gcp,upload,/function/diff.000009.000028_area.fits,0.58464,101277241.0
7,gcp,europe-west1,256,MB,europe-west1,gcp,upload,/function/diff.000010.000015.fits,0.14112,75313238.0
7,gcp,europe-west1,256,MB,europe-west1,gcp,upload,/function/diff.000010.000015_area.fits,0.14112,81184238.0
7,gcp,europe-west1,256,MB,europe-west1,gcp,upload,/function/diff.000010.000016.fits,0.22176,303150141.0
7,gcp,europe-west1,256,MB,europe-west1,gcp,upload,/function/diff.000010.000016_area.fits,0.22176,133078854.0
7,gcp,europe-west1,256,MB,europe-west1,gcp,upload,/function/diff.000010.000017.fits,0.45216,283430677.0
7,gcp,europe-west1,256,MB,europe-west1,gcp,upload,/function/diff.000010.000017_area.fits,0.45216,85117754.0
7,gcp,europe-west1,256,MB,europe-west1,gcp,upload,/function/diff.000010.000018.fits,0.47232,291731937.0
7,gcp,europe-west1,256,MB,europe-west1,gcp,upload,/function/diff.000010.000018_area.fits,0.47232,94275874.0
7,gcp,europe-west1,256,MB,europe-west1,gcp,upload,/function/diff.000010.000019.fits,0.21024,300702683.0
7,gcp,europe-west1,256,MB,europe-west1,gcp,upload,/function/diff.000010.000019_area.fits,0.21024,56371767.0
7,gcp,europe-west1,256,MB,europe-west1,gcp,upload,/function/diff.000010.000021.fits,4.0752,4775134320.0
7,gcp,europe-west1,256,MB,europe-west1,gcp,upload,/function/diff.000010.000021_area.fits,4.0752,401420056.0
7,gcp,europe-west1,256,MB,europe-west1,gcp,upload,/function/diff.000010.000024.fits,0.1296,178025193.0
7,gcp,europe-west1,256,MB,europe-west1,gcp,upload,/function/diff.000010.000024_area.fits,0.1296,68917112.0
7,gcp,europe-west1,256,MB,europe-west1,gcp,upload,/function/diff.000010.000027.fits,0.03456,148837821.0
7,gcp,europe-west1,256,MB,europe-west1,gcp,upload,/function/diff.000010.000027_area.fits,0.03456,57287510.0
7,gcp,europe-west1,256,MB,europe-west1,gcp,upload,/function/diff.000010.000029.fits,0.14688,85471455.0
7,gcp,europe-west1,256,MB,europe-west1,gcp,upload,/function/diff.000010.000029_area.fits,0.14688,66936577.0
7,gcp,europe-west1,256,MB,europe-west1,gcp,upload,/function/diff.000010.000030.fits,0.42912,397755292.0
7,gcp,europe-west1,256,MB,europe-west1,gcp,upload,/function/diff.000010.000030_area.fits,0.42912,158847698.0
7,gcp,europe-west1,256,MB,europe-west1,gcp,upload,/function/diff.000011.000020.fits,0.03168,54752666.0
7,gcp,europe-west1,256,MB,europe-west1,gcp,upload,/function/diff.000011.000020_area.fits,0.03168,55479214.0
7,gcp,europe-west1,256,MB,europe-west1,gcp,upload,/function/diff.000011.000026.fits,0.46656,402603513.0
7,gcp,europe-west1,256,MB,europe-west1,gcp,upload,/function/diff.000011.000026_area.fits,0.46656,80882751.0
7,gcp,europe-west1,256,MB,europe-west1,gcp,upload,/function/diff.000011.000028.fits,0.53568,510317129.0
7,gcp,europe-west1,256,MB,europe-west1,gcp,upload,/function/diff.000011.000028_area.fits,0.53568,111545674.0
7,gcp,europe-west1,256,MB,europe-west1,gcp,upload,/function/diff.000012.000013.fits,1.02528,863355565.0
7,gcp,europe-west1,256,MB,europe-west1,gcp,upload,/function/diff.000012.000013_area.fits,1.02528,251743493.0
7,gcp,europe-west1,256,MB,europe-west1,gcp,upload,/function/diff.000012.000014.fits,0.03744,56083576.0
7,gcp,europe-west1,256,MB,europe-west1,gcp,upload,/function/diff.000012.000014_area.fits,0.03744,63324549.0
7,gcp,europe-west1,256,MB,europe-west1,gcp,upload,/function/diff.000012.000020.fits,0.4464,322823216.0
7,gcp,europe-west1,256,MB,europe-west1,gcp,upload,/function/diff.000012.000020_area.fits,0.4464,158067742.0
7,gcp,europe-west1,256,MB,europe-west1,gcp,upload,/function/diff.000012.000022.fits,0.22176,334600311.0
7,gcp,europe-west1,256,MB,europe-west1,gcp,upload,/function/diff.000012.000022_area.fits,0.22176,68873321.0
7,gcp,europe-west1,256,MB,europe-west1,gcp,upload,/function/diff.000012.000025.fits,0.59328,600866397.0
7,gcp,europe-west1,256,MB,europe-west1,gcp,upload,/function/diff.000012.000025_area.fits,0.59328,90119354.0
7,gcp,europe-west1,256,MB,europe-west1,gcp,upload,/function/diff.000012.000026.fits,0.03456,64827981.0
7,gcp,europe-west1,256,MB,europe-west1,gcp,upload,/function/diff.000012.000026_area.fits,0.03456,100847289.0
7,gcp,europe-west1,256,MB,europe-west1,gcp,upload,/function/diff.000013.000014.fits,0.4608,428177570.0
7,gcp,europe-west1,256,MB,europe-west1,gcp,upload,/function/diff.000013.000014_area.fits,0.4608,92347977.0
7,gcp,europe-west1,256,MB,europe-west1,gcp,upload,/function/diff.000013.000020.fits,0.03168,59116697.0
7,gcp,europe-west1,256,MB,europe-west1,gcp,upload,/function/diff.000013.000020_area.fits,0.03168,61281720.0
7,gcp,europe-west1,256,MB,europe-west1,gcp,upload,/function/diff.000013.000022.fits,3.31776,2673525349.0
7,gcp,europe-west1,256,MB,europe-west1,gcp,upload,/function/diff.000013.000022_area.fits,3.31776,249966384.0
7,gcp,europe-west1,256,MB,europe-west1,gcp,upload,/function/diff.000013.000025.fits,0.144,145153649.0
7,gcp,europe-west1,256,MB,europe-west1,gcp,upload,/function/diff.000013.000025_area.fits,0.144,58957692.0
7,gcp,europe-west1,256,MB,europe-west1,gcp,upload,/function/diff.000014.000015.fits,0.03168,134818917.0
7,gcp,europe-west1,256,MB,europe-west1,gcp,upload,/function/diff.000014.000015_area.fits,0.03168,59332000.0
7,gcp,europe-west1,256,MB,europe-west1,gcp,upload,/function/diff.000014.000017.fits,0.52128,527198417.0
7,gcp,europe-west1,256,MB,europe-west1,gcp,upload,/function/diff.000014.000017_area.fits,0.52128,139739748.0
7,gcp,europe-west1,256,MB,europe-west1,gcp,upload,/function/diff.000014.000022.fits,0.58464,688684969.0
7,gcp,europe-west1,256,MB,europe-west1,gcp,upload,/function/diff.000014.000022_area.fits,0.58464,108698266.0
7,gcp,europe-west1,256,MB,europe-west1,gcp,upload,/function/diff.000014.000025.fits,0.22176,276643741.0
7,gcp,europe-west1,256,MB,europe-west1,gcp,upload,/function/diff.000014.000025_area.fits,0.22176,136526823.0
7,gcp,europe-west1,256,MB,europe-west1,gcp,upload,/function/diff.000015.000016.fits,0.4464,294260038.0
7,gcp,europe-west1,256,MB,europe-west1,gcp,upload,/function/diff.000015.000016_area.fits,0.4464,143935572.0
7,gcp,europe-west1,256,MB,europe-west1,gcp,upload,/function/diff.000015.000017.fits,0.22464,279592463.0
7,gcp,europe-west1,256,MB,europe-west1,gcp,upload,/function/diff.000015.000017_area.fits,0.22464,99394592.0
7,gcp,europe-west1,256,MB,europe-west1,gcp,upload,/function/diff.000015.000019.fits,0.40608,401013465.0
7,gcp,europe-west1,256,MB,europe-west1,gcp,upload,/function/diff.000015.000019_area.fits,0.40608,108846957.0
7,gcp,europe-west1,256,MB,europe-west1,gcp,upload,/function/diff.000015.000020.fits,0.46656,193679361.0
7,gcp,europe-west1,256,MB,europe-west1,gcp,upload,/function/diff.000015.000020_area.fits,0.46656,156767256.0
7,gcp,europe-west1,256,MB,europe-west1,gcp,upload,/function/diff.000015.000021.fits,0.1296,125187091.0
7,gcp,europe-west1,256,MB,europe-west1,gcp,upload,/function/diff.000015.000021_area.fits,0.1296,77661515.0
7,gcp,europe-west1,256,MB,europe-west1,gcp,upload,/function/diff.000015.000025.fits,0.52704,635983647.0
7,gcp,europe-west1,256,MB,europe-west1,gcp,upload,/function/diff.000015.000025_area.fits,0.52704,113425353.0
7,gcp,europe-west1,256,MB,europe-west1,gcp,upload,/function/diff.000015.000026.fits,0.03168,60056518.0
7,gcp,europe-west1,256,MB,europe-west1,gcp,upload,/function/diff.000015.000026_area.fits,0.03168,89158215.0
7,gcp,europe-west1,256,MB,europe-west1,gcp,upload,/function/diff.000015.000027.fits,3.33216,3265618702.0
7,gcp,europe-west1,256,MB,europe-west1,gcp,upload,/function/diff.000015.000027_area.fits,3.33216,355118300.0
7,gcp,europe-west1,256,MB,europe-west1,gcp,upload,/function/diff.000016.000019.fits,4.0752,5092583236.0
7,gcp,europe-west1,256,MB,europe-west1,gcp,upload,/function/diff.000016.000019_area.fits,4.0752,369546873.0
7,gcp,europe-west1,256,MB,europe-west1,gcp,upload,/function/diff.000016.000021.fits,0.22752,237844956.0
7,gcp,europe-west1,256,MB,europe-west1,gcp,upload,/function/diff.000016.000021_area.fits,0.22752,143830899.0
7,gcp,europe-west1,256,MB,europe-west1,gcp,upload,/function/diff.000016.000023.fits,0.21024,230534218.0
7,gcp,europe-west1,256,MB,europe-west1,gcp,upload,/function/diff.000016.000023_area.fits,0.21024,83965625.0
7,gcp,europe-west1,256,MB,europe-west1,gcp,upload,/function/diff.000016.000024.fits,0.42912,406505980.0
7,gcp,europe-west1,256,MB,europe-west1,gcp,upload,/function/diff.000016.000024_area.fits,0.42912,148516535.0
7,gcp,europe-west1,256,MB,europe-west1,gcp,upload,/function/diff.000016.000027.fits,0.54432,550194347.0
7,gcp,europe-west1,256,MB,europe-west1,gcp,upload,/function/diff.000016.000027_area.fits,0.54432,72883353.0
7,gcp,europe-west1,256,MB,europe-west1,gcp,upload,/function/diff.000016.000029.fits,0.47232,391470074.0
7,gcp,europe-west1,256,MB,europe-west1,gcp,upload,/function/diff.000016.000029_area.fits,0.47232,78519919.0
7,gcp,europe-west1,256,MB,europe-west1,gcp,upload,/function/diff.000017.000021.fits,0.40608,427685474.0
7,gcp,europe-west1,256,MB,europe-west1,gcp,upload,/function/diff.000017.000021_area.fits,0.40608,83423387.0
7,gcp,europe-west1,256,MB,europe-west1,gcp,upload,/function/diff.000017.000025.fits,0.03168,60226400.0
7,gcp,europe-west1,256,MB,europe-west1,gcp,upload,/function/diff.000017.000025_area.fits,0.03168,58432353.0
7,gcp,europe-west1,256,MB,europe-west1,gcp,upload,/function/diff.000018.000021.fits,0.50976,544203221.0
7,gcp,europe-west1,256,MB,europe-west1,gcp,upload,/function/diff.000018.000021_area.fits,0.50976,150321299.0
7,gcp,europe-west1,256,MB,europe-west1,gcp,upload,/function/diff.000018.000024.fits,0.20736,267351845.0
7,gcp,europe-west1,256,MB,europe-west1,gcp,upload,/function/diff.000018.000024_area.fits,0.20736,51602200.0
7,gcp,europe-west1,256,MB,europe-west1,gcp,upload,/function/diff.000018.000029.fits,0.22176,422504439.0
7,gcp,europe-west1,256,MB,europe-west1,gcp,upload,/function/diff.000018.000029_area.fits,0.22176,53698480.0
7,gcp,europe-west1,256,MB,europe-west1,gcp,upload,/function/diff.000018.000030.fits,4.06368,5298484611.0
7,gcp,europe-west1,256,MB,europe-west1,gcp,upload,/function/diff.000018.000030_area.fits,4.06368,437847058.0
7,gcp,europe-west1,256,MB,europe-west1,gcp,upload,/function/diff.000019.000021.fits,0.22176,446817778.0
7,gcp,europe-west1,256,MB,europe-west1,gcp,upload,/function/diff.000019.000021_area.fits,0.22176,59326066.0
7,gcp,europe-west1,256,MB,europe-west1,gcp,upload,/function/diff.000019.000023.fits,0.22176,286483914.0
7,gcp,europe-west1,256,MB,europe-west1,gcp,upload,/function/diff.000019.000023_area.fits,0.22176,84985862.0
7,gcp,europe-west1,256,MB,europe-west1,gcp,upload,/function/diff.000019.000024.fits,0.46656,393167082.0
7,gcp,europe-west1,256,MB,europe-west1,gcp,upload,/function/diff.000019.000024_area.fits,0.46656,71086579.0
7,gcp,europe-west1,256,MB,europe-west1,gcp,upload,/function/diff.000019.000027.fits,0.49248,403445606.0
7,gcp,europe-west1,256,MB,europe-west1,gcp,upload,/function/diff.000019.000027_area.fits,0.49248,109590742.0
7,gcp,europe-west1,256,MB,europe-west1,gcp,upload,/function/diff.000019.000029.fits,0.50976,487579875.0
7,gcp,europe-west1,256,MB,europe-west1,gcp,upload,/function/diff.000019.000029_area.fits,0.50976,104660405.0
7,gcp,europe-west1,256,MB,europe-west1,gcp,upload,/function/diff.000020.000025.fits,3.30624,2995101447.0
7,gcp,europe-west1,256,MB,europe-west1,gcp,upload,/function/diff.000020.000025_area.fits,3.30624,396337691.0
7,gcp,europe-west1,256,MB,europe-west1,gcp,upload,/function/diff.000020.000026.fits,1.00512,921131760.0
7,gcp,europe-west1,256,MB,europe-west1,gcp,upload,/function/diff.000020.000026_area.fits,1.00512,159342680.0
7,gcp,europe-west1,256,MB,europe-west1,gcp,upload,/function/diff.000020.000027.fits,0.576,453319197.0
7,gcp,europe-west1,256,MB,europe-west1,gcp,upload,/function/diff.000020.000027_area.fits,0.576,71232377.0
7,gcp,europe-west1,256,MB,europe-west1,gcp,upload,/function/diff.000020.000028.fits,0.22176,332082711.0
7,gcp,europe-west1,256,MB,europe-west1,gcp,upload,/function/diff.000020.000028_area.fits,0.22176,66574369.0
7,gcp,europe-west1,256,MB,europe-west1,gcp,upload,/function/diff.000021.000024.fits,0.144,78100067.0
7,gcp,europe-west1,256,MB,europe-west1,gcp,upload,/function/diff.000021.000024_area.fits,0.144,130192726.0
7,gcp,europe-west1,256,MB,europe-west1,gcp,upload,/function/diff.000021.000027.fits,0.03168,109793545.0
7,gcp,europe-west1,256,MB,europe-west1,gcp,upload,/function/diff.000021.000027_area.fits,0.03168,62309545.0
7,gcp,europe-west1,256,MB,europe-west1,gcp,upload,/function/diff.000021.000029.fits,0.16128,170999708.0
7,gcp,europe-west1,256,MB,europe-west1,gcp,upload,/function/diff.000021.000029_area.fits,0.16128,67071448.0
7,gcp,europe-west1,256,MB,europe-west1,gcp,upload,/function/diff.000021.000030.fits,0.46656,309979879.0
7,gcp,europe-west1,256,MB,europe-west1,gcp,upload,/function/diff.000021.000030_area.fits,0.46656,114997710.0
7,gcp,europe-west1,256,MB,europe-west1,gcp,upload,/function/diff.000022.000025.fits,0.03456,91177500.0
7,gcp,europe-west1,256,MB,europe-west1,gcp,upload,/function/diff.000022.000025_area.fits,0.03456,65836729.0
7,gcp,europe-west1,256,MB,europe-west1,gcp,upload,/function/diff.000023.000027.fits,0.0288,65202850.0
7,gcp,europe-west1,256,MB,europe-west1,gcp,upload,/function/diff.000023.000027_area.fits,0.0288,74659306.0
7,gcp,europe-west1,256,MB,europe-west1,gcp,upload,/function/diff.000024.000029.fits,4.06368,4019837222.0
7,gcp,europe-west1,256,MB,europe-west1,gcp,upload,/function/diff.000024.000029_area.fits,4.06368,618550902.0
7,gcp,europe-west1,256,MB,europe-west1,gcp,upload,/function/diff.000024.000030.fits,0.22464,241627044.0
7,gcp,europe-west1,256,MB,europe-west1,gcp,upload,/function/diff.000024.000030_area.fits,0.22464,77699065.0
7,gcp,europe-west1,256,MB,europe-west1,gcp,upload,/function/diff.000025.000026.fits,0.22176,329682330.0
7,gcp,europe-west1,256,MB,europe-west1,gcp,upload,/function/diff.000025.000026_area.fits,0.22176,81440243.0
7,gcp,europe-west1,256,MB,europe-west1,gcp,upload,/function/diff.000025.000027.fits,0.42912,344325170.0
7,gcp,europe-west1,256,MB,europe-west1,gcp,upload,/function/diff.000025.000027_area.fits,0.42912,68338137.0
7,gcp,europe-west1,256,MB,europe-west1,gcp,upload,/function/diff.000026.000027.fits,0.13248,123978033.0
7,gcp,europe-west1,256,MB,europe-west1,gcp,upload,/function/diff.000026.000027_area.fits,0.13248,89746555.0
7,gcp,europe-west1,256,MB,europe-west1,gcp,upload,/function/diff.000026.000028.fits,3.30624,2774886299.0
7,gcp,europe-west1,256,MB,europe-west1,gcp,upload,/function/diff.000026.000028_area.fits,3.30624,331624793.0
7,gcp,europe-west1,256,MB,europe-west1,gcp,upload,/function/diff.000027.000028.fits,0.03456,60821006.0
7,gcp,europe-west1,256,MB,europe-west1,gcp,upload,/function/diff.000027.000028_area.fits,0.03456,66857261.0
7,gcp,europe-west1,256,MB,europe-west1,gcp,upload,/function/diff.000029.000030.fits,0.23328,297375726.0
7,gcp,europe-west1,256,MB,europe-west1,gcp,upload,/function/diff.000029.000030_area.fits,0.23328,61960744.0
7,gcp,europe-west1,256,MB,europe-west1,gcp,upload,/function/fit.000001.000007.txt,0.000287,57778000.0
7,gcp,europe-west1,256,MB,europe-west1,gcp,upload,/function/fit.000001.000011.txt,0.00029,55636215.0
7,gcp,europe-west1,256,MB,europe-west1,gcp,upload,/function/fit.000001.000012.txt,0.000288,84839501.0
7,gcp,europe-west1,256,MB,europe-west1,gcp,upload,/function/fit.000001.000020.txt,0.000284,58040823.0
7,gcp,europe-west1,256,MB,europe-west1,gcp,upload,/function/fit.000001.000025.txt,0.000286,88452771.0
7,gcp,europe-west1,256,MB,europe-west1,gcp,upload,/function/fit.000001.000026.txt,0.000287,60313866.0
7,gcp,europe-west1,256,MB,europe-west1,gcp,upload,/function/fit.000001.000028.txt,0.000286,54686686.0
7,gcp,europe-west1,256,MB,europe-west1,gcp,upload,/function/fit.000002.000006.txt,0.000282,100112821.0
7,gcp,europe-west1,256,MB,europe-west1,gcp,upload,/function/fit.000002.000009.txt,0.000285,66105894.0
7,gcp,europe-west1,256,MB,europe-west1,gcp,upload,/function/fit.000002.000015.txt,0.000288,73369078.0
7,gcp,europe-west1,256,MB,europe-west1,gcp,upload,/function/fit.000002.000016.txt,0.000278,63424240.0
7,gcp,europe-west1,256,MB,europe-west1,gcp,upload,/function/fit.000002.000019.txt,0.000281,92097797.0
7,gcp,europe-west1,256,MB,europe-west1,gcp,upload,/function/fit.000002.000020.txt,0.000286,94895090.0
7,gcp,europe-west1,256,MB,europe-west1,gcp,upload,/function/fit.000002.000023.txt,0.00028,63989888.0
7,gcp,europe-west1,256,MB,europe-west1,gcp,upload,/function/fit.000002.000025.txt,0.000281,55887416.0
7,gcp,europe-west1,256,MB,europe-west1,gcp,upload,/function/fit.000002.000026.txt,0.000286,62130112.0
7,gcp,europe-west1,256,MB,europe-west1,gcp,upload,/function/fit.000002.000027.txt,0.000286,59681460.0
7,gcp,europe-west1,256,MB,europe-west1,gcp,upload,/function/fit.000002.000028.txt,0.000283,63387701.0
7,gcp,europe-west1,256,MB,europe-west1,gcp,upload,/function/fit.000003.000005.txt,0.000288,57361218.0
7,gcp,europe-west1,256,MB,europe-west1,gcp,upload,/function/fit.000003.000006.txt,0.000279,58432074.0
7,gcp,europe-west1,256,MB,europe-west1,gcp,upload,/function/fit.000003.000016.txt,0.000279,91583877.0
7,gcp,europe-west1,256,MB,europe-west1,gcp,upload,/function/fit.000003.000019.txt,0.000282,54366775.0
7,gcp,europe-west1,256,MB,europe-west1,gcp,upload,/function/fit.000003.000023.txt,0.000281,56832586.0
7,gcp,europe-west1,256,MB,europe-west1,gcp,upload,/function/fit.000003.000024.txt,0.00029,60212629.0
7,gcp,europe-west1,256,MB,europe-west1,gcp,upload,/function/fit.000003.000029.txt,0.000284,64966734.0
7,gcp,europe-west1,256,MB,europe-west1,gcp,upload,/function/fit.000004.000008.txt,0.00029,95021880.0
7,gcp,europe-west1,256,MB,europe-west1,gcp,upload,/function/fit.000004.000010.txt,0.000285,53038568.0
7,gcp,europe-west1,256,MB,europe-west1,gcp,upload,/function/fit.000004.000014.txt,0.000288,76191672.0
7,gcp,europe-west1,256,MB,europe-west1,gcp,upload,/function/fit.000004.000015.txt,0.000288,56380319.0
7,gcp,europe-west1,256,MB,europe-west1,gcp,upload,/function/fit.000004.000016.txt,0.000278,88641935.0
7,gcp,europe-west1,256,MB,europe-west1,gcp,upload,/function/fit.000004.000017.txt,0.000291,102245080.0
7,gcp,europe-west1,256,MB,europe-west1,gcp,upload,/function/fit.000004.000019.txt,0.00028,61647416.0
7,gcp,europe-west1,256,MB,europe-west1,gcp,upload,/function/fit.000004.000020.txt,0.000283,59924405.0
7,gcp,europe-west1,256,MB,europe-west1,gcp,upload,/function/fit.000004.000021.txt,0.000286,70607440.0
7,gcp,europe-west1,256,MB,europe-west1,gcp,upload,/function/fit.000004.000025.txt,0.000285,59010885.0
7,gcp,europe-west1,256,MB,europe-west1,gcp,upload,/function/fit.000004.000027.txt,0.000287,63444277.0
7,gcp,europe-west1,256,MB,europe-west1,gcp,upload,/function/fit.000005.000006.txt,0.000282,56909838.0
7,gcp,europe-west1,256,MB,europe-west1,gcp,upload,/function/fit.000005.000016.txt,0.00028,94978948.0
7,gcp,europe-west1,256,MB,europe-west1,gcp,upload,/function/fit.000005.000019.txt,0.000283,56594714.0
7,gcp,europe-west1,256,MB,europe-west1,gcp,upload,/function/fit.000005.000023.txt,0.000282,74708943.0
7,gcp,europe-west1,256,MB,europe-west1,gcp,upload,/function/fit.000005.000024.txt,0.000282,64067967.0
7,gcp,europe-west1,256,MB,europe-west1,gcp,upload,/function/fit.000005.000029.txt,0.000288,65745962.0
7,gcp,europe-west1,256,MB,europe-west1,gcp,upload,/function/fit.000006.000009.txt,0.000281,136499168.0
7,gcp,europe-west1,256,MB,europe-west1,gcp,upload,/function/fit.000006.000016.txt,0.000282,71529166.0
7,gcp,europe-west1,256,MB,europe-west1,gcp,upload,/function/fit.000006.000019.txt,0.000284,55515118.0
7,gcp,europe-west1,256,MB,europe-west1,gcp,upload,/function/fit.000006.000023.txt,0.000286,101115976.0
7,gcp,europe-west1,256,MB,europe-west1,gcp,upload,/function/fit.000006.000027.txt,0.000277,57980667.0
7,gcp,europe-west1,256,MB,europe-west1,gcp,upload,/function/fit.000007.000008.txt,0.000286,55081924.0
7,gcp,europe-west1,256,MB,europe-west1,gcp,upload,/function/fit.000007.000011.txt,0.000294,61252121.0
7,gcp,europe-west1,256,MB,europe-west1,gcp,upload,/function/fit.000007.000012.txt,0.000291,57178541.0
7,gcp,europe-west1,256,MB,europe-west1,gcp,upload,/function/fit.000007.000013.txt,0.000295,51404394.0
7,gcp,europe-west1,256,MB,europe-west1,gcp,upload,/function/fit.000007.000020.txt,0.000285,55220174.0
7,gcp,europe-west1,256,MB,europe-west1,gcp,upload,/function/fit.000007.000025.txt,0.000285,64085453.0
7,gcp,europe-west1,256,MB,europe-west1,gcp,upload,/function/fit.000007.000026.txt,0.000286,91602780.0
7,gcp,europe-west1,256,MB,europe-west1,gcp,upload,/function/fit.000007.000028.txt,0.000279,93391022.0
7,gcp,europe-west1,256,MB,europe-west1,gcp,upload,/function/fit.000008.000012.txt,0.000285,66974286.0
7,gcp,europe-west1,256,MB,europe-west1,gcp,upload,/function/fit.000008.000013.txt,0.000288,98246941.0
7,gcp,europe-west1,256,MB,europe-west1,gcp,upload,/function/fit.000008.000014.txt,0.000294,57312617.0
7,gcp,europe-west1,256,MB,europe-west1,gcp,upload,/function/fit.000008.000015.txt,0.000291,77317371.0
7,gcp,europe-west1,256,MB,europe-west1,gcp,upload,/function/fit.000008.000017.txt,0.000289,59446137.0
7,gcp,europe-west1,256,MB,europe-west1,gcp,upload,/function/fit.000008.000020.txt,0.000292,66504380.0
7,gcp,europe-west1,256,MB,europe-west1,gcp,upload,/function/fit.000008.000022.txt,0.000291,57516193.0
7,gcp,europe-west1,256,MB,europe-west1,gcp,upload,/function/fit.000008.000025.txt,0.000292,86357059.0
7,gcp,europe-west1,256,MB,europe-west1,gcp,upload,/function/fit.000008.000027.txt,0.000285,79784171.0
7,gcp,europe-west1,256,MB,europe-west1,gcp,upload,/function/fit.000009.000016.txt,0.000275,55163611.0
7,gcp,europe-west1,256,MB,europe-west1,gcp,upload,/function/fit.000009.000019.txt,0.000278,57348232.0
7,gcp,europe-west1,256,MB,europe-west1,gcp,upload,/function/fit.000009.000020.txt,0.000277,120378262.0
7,gcp,europe-west1,256,MB,europe-west1,gcp,upload,/function/fit.000009.000023.txt,0.000284,57100294.0
7,gcp,europe-west1,256,MB,europe-west1,gcp,upload,/function/fit.000009.000026.txt,0.000285,88044161.0
7,gcp,europe-west1,256,MB,europe-west1,gcp,upload,/function/fit.000009.000027.txt,0.000285,55592153.0
7,gcp,europe-west1,256,MB,europe-west1,gcp,upload,/function/fit.000009.000028.txt,0.000288,52994494.0
7,gcp,europe-west1,256,MB,europe-west1,gcp,upload,/function/fit.000010.000015.txt,0.000284,75919297.0
7,gcp,europe-west1,256,MB,europe-west1,gcp,upload,/function/fit.000010.000016.txt,0.000285,62905577.0
7,gcp,europe-west1,256,MB,europe-west1,gcp,upload,/function/fit.000010.000017.txt,0.000287,54501572.0
7,gcp,europe-west1,256,MB,europe-west1,gcp,upload,/function/fit.000010.000018.txt,0.000287,83738003.0
7,gcp,europe-west1,256,MB,europe-west1,gcp,upload,/function/fit.000010.000019.txt,0.000281,57788272.0
7,gcp,europe-west1,256,MB,europe-west1,gcp,upload,/function/fit.000010.000021.txt,0.000288,55093289.0
7,gcp,europe-west1,256,MB,europe-west1,gcp,upload,/function/fit.000010.000024.txt,0.000288,89010575.0
7,gcp,europe-west1,256,MB,europe-west1,gcp,upload,/function/fit.000010.000027.txt,0.000279,55089585.0
7,gcp,europe-west1,256,MB,europe-west1,gcp,upload,/function/fit.000010.000029.txt,0.000283,85309234.0
7,gcp,europe-west1,256,MB,europe-west1,gcp,upload,/function/fit.000010.000030.txt,0.000286,56923109.0
7,gcp,europe-west1,256,MB,europe-west1,gcp,upload,/function/fit.000011.000020.txt,0.000283,98724117.0
7,gcp,europe-west1,256,MB,europe-west1,gcp,upload,/function/fit.000011.000026.txt,0.000282,65667522.0
7,gcp,europe-west1,256,MB,europe-west1,gcp,upload,/function/fit.000011.000028.txt,0.000288,69204021.0
7,gcp,europe-west1,256,MB,europe-west1,gcp,upload,/function/fit.000012.000013.txt,0.000291,57206633.0
7,gcp,europe-west1,256,MB,europe-west1,gcp,upload,/function/fit.000012.000014.txt,0.000287,54534443.0
7,gcp,europe-west1,256,MB,europe-west1,gcp,upload,/function/fit.000012.000020.txt,0.000286,56929568.0
7,gcp,europe-west1,256,MB,europe-west1,gcp,upload,/function/fit.000012.000022.txt,0.000292,56870816.0
7,gcp,europe-west1,256,MB,europe-west1,gcp,upload,/function/fit.000012.000025.txt,0.000289,69531805.0
7,gcp,europe-west1,256,MB,europe-west1,gcp,upload,/function/fit.000012.000026.txt,0.000284,55937598.0
7,gcp,europe-west1,256,MB,europe-west1,gcp,upload,/function/fit.000013.000014.txt,0.000289,54948610.0
7,gcp,europe-west1,256,MB,europe-west1,gcp,upload,/function/fit.000013.000020.txt,0.000285,127499684.0
7,gcp,europe-west1,256,MB,europe-west1,gcp,upload,/function/fit.000013.000022.txt,0.000295,78199461.0
7,gcp,europe-west1,256,MB,europe-west1,gcp,upload,/function/fit.000013.000025.txt,0.00029,55853922.0
7,gcp,europe-west1,256,MB,europe-west1,gcp,upload,/function/fit.000014.000015.txt,0.000283,51193018.0
7,gcp,europe-west1,256,MB,europe-west1,gcp,upload,/function/fit.000014.000017.txt,0.000295,56825830.0
7,gcp,europe-west1,256,MB,europe-west1,gcp,upload,/function/fit.000014.000022.txt,0.000293,73646073.0
7,gcp,europe-west1,256,MB,europe-west1,gcp,upload,/function/fit.000014.000025.txt,0.000292,57722852.0
7,gcp,europe-west1,256,MB,europe-west1,gcp,upload,/function/fit.000015.000016.txt,0.000284,58134460.0
7,gcp,europe-west1,256,MB,europe-west1,gcp,upload,/function/fit.000015.000017.txt,0.00029,85054239.0
7,gcp,europe-west1,256,MB,europe-west1,gcp,upload,/function/fit.000015.000019.txt,0.000285,91712713.0
7,gcp,europe-west1,256,MB,europe-west1,gcp,upload,/function/fit.000015.000020.txt,0.000285,53018873.0
7,gcp,europe-west1,256,MB,europe-west1,gcp,upload,/function/fit.000015.000021.txt,0.000283,58329237.0
7,gcp,europe-west1,256,MB,europe-west1,gcp,upload,/function/fit.000015.000025.txt,0.000287,61204262.0
7,gcp,europe-west1,256,MB,europe-west1,gcp,upload,/function/fit.000015.000026.txt,0.000283,51292152.0
7,gcp,europe-west1,256,MB,europe-west1,gcp,upload,/function/fit.000015.000027.txt,0.000289,63443633.0
7,gcp,europe-west1,256,MB,europe-west1,gcp,upload,/function/fit.000016.000019.txt,0.000283,56986893.0
7,gcp,europe-west1,256,MB,europe-west1,gcp,upload,/function/fit.000016.000021.txt,0.000282,63406659.0
7,gcp,europe-west1,256,MB,europe-west1,gcp,upload,/function/fit.000016.000023.txt,0.000282,54133350.0
7,gcp,europe-west1,256,MB,europe-west1,gcp,upload,/function/fit.000016.000024.txt,0.000279,60660169.0
7,gcp,europe-west1,256,MB,europe-west1,gcp,upload,/function/fit.000016.000027.txt,0.000279,66206467.0
7,gcp,europe-west1,256,MB,europe-west1,gcp,upload,/function/fit.000016.000029.txt,0.000282,52469163.0
7,gcp,europe-west1,256,MB,europe-west1,gcp,upload,/function/fit.000017.000021.txt,0.000288,50915290.0
7,gcp,europe-west1,256,MB,europe-west1,gcp,upload,/function/fit.000017.000025.txt,0.000287,80073958.0
7,gcp,europe-west1,256,MB,europe-west1,gcp,upload,/function/fit.000018.000021.txt,0.000288,76690734.0
7,gcp,europe-west1,256,MB,europe-west1,gcp,upload,/function/fit.000018.000024.txt,0.000286,53426589.0
7,gcp,europe-west1,256,MB,europe-west1,gcp,upload,/function/fit.000018.000029.txt,0.000288,62227124.0
7,gcp,europe-west1,256,MB,europe-west1,gcp,upload,/function/fit.000018.000030.txt,0.000294,201886874.0
7,gcp,europe-west1,256,MB,europe-west1,gcp,upload,/function/fit.000019.000021.txt,0.000288,56481863.0
7,gcp,europe-west1,256,MB,europe-west1,gcp,upload,/function/fit.000019.000023.txt,0.000287,87957307.0
7,gcp,europe-west1,256,MB,europe-west1,gcp,upload,/function/fit.000019.000024.txt,0.000281,51735458.0
7,gcp,europe-west1,256,MB,europe-west1,gcp,upload,/function/fit.000019.000027.txt,0.000279,55608177.0
7,gcp,europe-west1,256,MB,europe-west1,gcp,upload,/function/fit.000019.000029.txt,0.000283,55134838.0
7,gcp,europe-west1,256,MB,europe-west1,gcp,upload,/function/fit.000020.000025.txt,0.000289,59307774.0
7,gcp,europe-west1,256,MB,europe-west1,gcp,upload,/function/fit.000020.000026.txt,0.000286,61139313.0
7,gcp,europe-west1,256,MB,europe-west1,gcp,upload,/function/fit.000020.000027.txt,0.000286,87634464.0
7,gcp,europe-west1,256,MB,europe-west1,gcp,upload,/function/fit.000020.000028.txt,0.000289,54268581.0
7,gcp,europe-west1,256,MB,europe-west1,gcp,upload,/function/fit.000021.000024.txt,0.000285,59134511.0
7,gcp,europe-west1,256,MB,europe-west1,gcp,upload,/function/fit.000021.000027.txt,0.000277,54738554.0
7,gcp,europe-west1,256,MB,europe-west1,gcp,upload,/function/fit.000021.000029.txt,0.000281,53247419.0
7,gcp,europe-west1,256,MB,europe-west1,gcp,upload,/function/fit.000021.000030.txt,0.000284,57555914.0
7,gcp,europe-west1,256,MB,europe-west1,gcp,upload,/function/fit.000022.000025.txt,0.000286,53382198.0
7,gcp,europe-west1,256,MB,europe-west1,gcp,upload,/function/fit.000023.000027.txt,0.00028,54402478.0
7,gcp,europe-west1,256,MB,europe-west1,gcp,upload,/function/fit.000024.000029.txt,0.00029,56779990.0
7,gcp,europe-west1,256,MB,europe-west1,gcp,upload,/function/fit.000024.000030.txt,0.000289,108252716.0
7,gcp,europe-west1,256,MB,europe-west1,gcp,upload,/function/fit.000025.000026.txt,0.00029,61297939.0
7,gcp,europe-west1,256,MB,europe-west1,gcp,upload,/function/fit.000025.000027.txt,0.000282,57687797.0
7,gcp,europe-west1,256,MB,europe-west1,gcp,upload,/function/fit.000026.000027.txt,0.000283,61426367.0
7,gcp,europe-west1,256,MB,europe-west1,gcp,upload,/function/fit.000026.000028.txt,0.00029,100911015.0
7,gcp,europe-west1,256,MB,europe-west1,gcp,upload,/function/fit.000027.000028.txt,0.000278,66126812.0
7,gcp,europe-west1,256,MB,europe-west1,gcp,upload,/function/fit.000029.000030.txt,0.000283,53743963.0
8,gcp,europe-west1,256,MB,europe-west1,gcp,download,/function/diffs.tbl,0.016167,496107287.5
8,gcp,europe-west1,256,MB,europe-west1,gcp,download,/function/mStatFile,0.039792,275791159.5
8,gcp,europe-west1,256,MB,europe-west1,gcp,upload,/function/statfile.tbl,0.005863,223554883.5
